seed,outcome,model,variant,acc_mean,acc_std,f1_mean,f1_std,auc_mean
0,is_terminated,LR,without,0.7196666666666667,0.011897712198383165,0.7642446592383433,0.00953022753957424,0.7997052081149134
0,is_terminated,LR,with,0.694,0.010883218478209647,0.7441937645138642,0.008701105051566684,0.8126776477175369
0,is_terminated,RF,without,0.85,0.0082999330653258,0.824331334198189,0.007616783756230938,0.8375029104870206
0,is_terminated,RF,with,0.8543333333333333,0.012364824660660939,0.8337390383872336,0.011553521282023213,0.8467283575380101
0,is_terminated,XGB,without,0.8533333333333333,0.011155467020454312,0.8261397819521925,0.009419772163516657,0.8412956440812971
0,is_terminated,XGB,with,0.8526666666666667,0.008793937305515271,0.8265345709179197,0.009387391511287535,0.846530409596606
0,PerfScore,LR,without,0.274,0.013767917618708917,0.3572408096335472,0.01627428535313037,
0,PerfScore,LR,with,0.30233333333333334,0.006548960901462833,0.37908466413503233,0.0052720937449084165,
0,PerfScore,RF,without,0.7456666666666667,0.007272474743090468,0.6922839989276561,0.006367567151410561,
0,PerfScore,RF,with,0.7406666666666667,0.009345230512584141,0.6898728703554133,0.008022171269733237,
0,PayZone_encoded,LR,without,0.305,0.012337837015547838,0.3001993147727269,0.016101784251241282,
0,PayZone_encoded,LR,with,0.30266666666666664,0.005830951894845296,0.2992189177650835,0.006590780150738789,
0,PayZone_encoded,RF,without,0.32366666666666666,0.007557189365836419,0.3227014928669859,0.007521248550229889,
0,PayZone_encoded,RF,with,0.32799999999999996,0.012036980056845198,0.32752486883971665,0.01193998406953105,
0,PayZone_encoded,XGB,without,0.31733333333333336,0.016451950239004084,0.31653900473347113,0.01630350299968252,
0,PayZone_encoded,XGB,with,0.306,0.013928388277184116,0.304984624925621,0.014128507068451217,
0,SeniorityLevel,LR,without,0.825,0.029001915645541606,0.8839578251720243,0.017848582764889542,
0,SeniorityLevel,LR,with,0.8503333333333334,0.02991469352824611,0.894180194319161,0.018992564631480965,
0,SeniorityLevel,RF,without,0.9469999999999998,0.006782329983125274,0.9404421714271788,0.007067649825672818,
0,SeniorityLevel,RF,with,0.9663333333333333,0.004876246279442583,0.9658522783928418,0.005013543696343275,
0,is_minority_dept,LR,without,0.5003333333333333,0.02322355126446716,0.4997270503289658,0.02272255266889015,0.5424991826631171
0,is_minority_dept,LR,with,0.5406666666666666,0.0252674582109963,0.5451407284337113,0.025095110897036213,0.5541614123581338
0,is_minority_dept,RF,without,0.5833333333333334,0.010954451150103319,0.5701274312053317,0.015540553127875821,0.5638386810517957
0,is_minority_dept,RF,with,0.5896666666666668,0.019899748742132378,0.5785016281715198,0.02272893580801952,0.5822766335061418
0,is_minority_dept,XGB,without,0.6133333333333334,0.009603240193925295,0.5883587700390478,0.013004112582670797,0.5912299752463687
0,is_minority_dept,XGB,with,0.6206666666666667,0.007930251502246886,0.5937110331899272,0.01243570384585848,0.6088984634066601
1,is_terminated,LR,without,0.7186666666666667,0.012174654911833093,0.7635029898350766,0.010020133872182209,0.8019996287847544
1,is_terminated,LR,with,0.693,0.018660713336371197,0.7432174875721069,0.015404132456093459,0.8188464447942261
1,is_terminated,RF,without,0.8543333333333333,0.00563717817509589,0.8250595912207771,0.008464651869388655,0.831020561089131
1,is_terminated,RF,with,0.852,0.005906681715556425,0.8320350334838498,0.007190544215764988,0.8406196649075927
1,is_terminated,XGB,without,0.8576666666666666,0.0082056890833941,0.8288691409852282,0.007579937761428374,0.8363262933926215
1,is_terminated,XGB,with,0.859,0.007195677714974287,0.8322153254719747,0.007739684771393819,0.8480582288734857
1,PerfScore,LR,without,0.2823333333333334,0.01721110752456745,0.36091261689207277,0.023093214853530192,
1,PerfScore,LR,with,0.313,0.022642143596988934,0.392408849757015,0.026412061894370883,
1,PerfScore,RF,without,0.743,0.006616477747093075,0.6916169856235859,0.007209965426182061,
1,PerfScore,RF,with,0.7403333333333334,0.007102425250887494,0.6907384178128515,0.004727304787431571,
1,PayZone_encoded,LR,without,0.3003333333333333,0.005715476066494088,0.298635299842944,0.005335590978042774,
1,PayZone_encoded,LR,with,0.30766666666666664,0.014321700705960545,0.3058441762478382,0.014531397775172013,
1,PayZone_encoded,RF,without,0.30633333333333335,0.01384035966135113,0.3055784824894149,0.013527144079875974,
1,PayZone_encoded,RF,with,0.32966666666666666,0.02036882148993625,0.3289220895285252,0.01982628080784786,
1,PayZone_encoded,XGB,without,0.321,0.014966629547095763,0.31893009410522877,0.014426878602063976,
1,PayZone_encoded,XGB,with,0.31333333333333335,0.0228521820013368,0.3118139038132616,0.021659699747063416,
1,SeniorityLevel,LR,without,0.8136666666666666,0.02493101593508689,0.8792020026155942,0.01638812314418586,
1,SeniorityLevel,LR,with,0.844,0.012587471725666127,0.8880812699726682,0.008407434104584197,
1,SeniorityLevel,RF,without,0.9476666666666667,0.007859884081701069,0.9408668820766415,0.007439926900017825,
1,SeniorityLevel,RF,with,0.966,0.006879922480183434,0.9656906905290524,0.0069008015704677935,
1,is_minority_dept,LR,without,0.5046666666666667,0.009510228411791414,0.5038091269780954,0.01067115201250526,0.5468929522208211
1,is_minority_dept,LR,with,0.5463333333333333,0.019131126469708975,0.5498043161685358,0.01764794197412857,0.5541041987763299
1,is_minority_dept,RF,without,0.588,0.005715476066494102,0.5779718474066646,0.005000974859015038,0.5683130166736724
1,is_minority_dept,RF,with,0.601,0.008602325267042606,0.590946714792229,0.007868538518367565,0.5833111484750828
1,is_minority_dept,XGB,without,0.6203333333333333,0.011025223605694174,0.5987781494157415,0.010525817064540942,0.6044743356218767
1,is_minority_dept,XGB,with,0.6363333333333333,0.01279756921363498,0.6118428094951224,0.012483086651451215,0.6162509924805006
2,is_terminated,LR,without,0.7213333333333333,0.006091888960832351,0.765672115888939,0.00497663127518846,0.8016860407247431
2,is_terminated,LR,with,0.692,0.012970050972229141,0.7425344954341402,0.010502335176697297,0.815965442780238
2,is_terminated,RF,without,0.857,0.008055363982396377,0.8290860416816047,0.010538555524845271,0.835707737461545
2,is_terminated,RF,with,0.8546666666666667,0.00927361849549567,0.8286761741843047,0.010788582804722677,0.8470527176171008
2,is_terminated,XGB,without,0.8596666666666668,0.00865383665716477,0.8322285190931119,0.010784272735511486,0.842211027850904
2,is_terminated,XGB,with,0.8623333333333333,0.0059254629448770675,0.8367316479494555,0.008358936613921668,0.8529252396480589
2,PerfScore,LR,without,0.278,0.022642143596988917,0.3576930283521073,0.023136830773069956,
2,PerfScore,LR,with,0.3083333333333333,0.016431676725154994,0.38757716366772127,0.019860998320798448,
2,PerfScore,RF,without,0.7416666666666667,0.012064640713902577,0.6883682260110162,0.008481886312275106,
2,PerfScore,RF,with,0.7403333333333333,0.0071802197428460154,0.6931669795335254,0.0016393268635210676,
2,PayZone_encoded,LR,without,0.31499999999999995,0.009249624617007736,0.31039370455573706,0.011458869900152609,
2,PayZone_encoded,LR,with,0.30333333333333334,0.01873795909674027,0.30062809634129756,0.01792455731040622,
2,PayZone_encoded,RF,without,0.32133333333333336,0.021587033144922902,0.32003468333374335,0.021624550771443384,
2,PayZone_encoded,RF,with,0.324,0.019961073228773156,0.323114046892025,0.019767112656379694,
2,PayZone_encoded,XGB,without,0.3163333333333333,0.008393118874676102,0.3139557228352511,0.008341847041359412,
2,PayZone_encoded,XGB,with,0.31100000000000005,0.012364824660660932,0.30896698316328053,0.012699915540699049,
2,SeniorityLevel,LR,without,0.8186666666666665,0.017993826101687732,0.8800691235305219,0.009656739332332825,
2,SeniorityLevel,LR,with,0.8516666666666668,0.015238839267549964,0.8932882070375582,0.00986057984394025,
2,SeniorityLevel,RF,without,0.9453333333333334,0.006446359868604559,0.9389806531377047,0.006112159678313671,
2,SeniorityLevel,RF,with,0.9666666666666666,0.007226494462892916,0.9663249324121738,0.007255075350618046,
2,is_minority_dept,LR,without,0.5043333333333333,0.025311394008759487,0.5029348624736099,0.029456916656339174,0.5436551305403764
2,is_minority_dept,LR,with,0.544,0.01848723283181607,0.5471527233381537,0.017372394523463706,0.551765447667087
2,is_minority_dept,RF,without,0.5856666666666668,0.009809292646374753,0.5732046034406115,0.010208517279553641,0.5625087571808883
2,is_minority_dept,RF,with,0.5890000000000001,0.011860297916438138,0.5785450791429344,0.009828200074473669,0.574021530988744
2,is_minority_dept,XGB,without,0.6126666666666667,0.011430952132988136,0.5898291411773062,0.014007783501326984,0.5842756059969174
2,is_minority_dept,XGB,with,0.6236666666666666,0.028350974899953245,0.5977975915836387,0.03214404845745436,0.604601606650787
3,is_terminated,LR,without,0.718,0.012970050972229129,0.7629698115246673,0.010870428613399893,0.8008767943923216
3,is_terminated,LR,with,0.6933333333333334,0.01354006400772659,0.7436726023621857,0.011118833499112397,0.8173093962439252
3,is_terminated,RF,without,0.8540000000000001,0.005011098792790976,0.8243231733842528,0.009617914862190652,0.8305017225387108
3,is_terminated,RF,with,0.8526666666666667,0.006110100926607796,0.8284807526023095,0.010650858786377108,0.84247497330012
3,is_terminated,XGB,without,0.8583333333333334,0.008628119403696495,0.8287652234823435,0.011065397908672139,0.8409173999996181
3,is_terminated,XGB,with,0.8616666666666666,0.007673909622147558,0.8348032856633207,0.005258475645866835,0.8509395252142665
3,PerfScore,LR,without,0.27666666666666667,0.01135292424395093,0.35833440955228024,0.01646679944576125,
3,PerfScore,LR,with,0.30533333333333335,0.00740870359029762,0.3842442332964184,0.008983066323384156,
3,PerfScore,RF,without,0.7383333333333333,0.016996731711975948,0.6851083588865244,0.014311780029204184,
3,PerfScore,RF,with,0.734,0.01103529690483123,0.6845692960394067,0.008946892344652943,
3,PayZone_encoded,LR,without,0.313,0.012445436468396314,0.3099161385778526,0.013588088595618615,
3,PayZone_encoded,LR,with,0.316,0.020537229067665808,0.31424417564457946,0.020775601665707695,
3,PayZone_encoded,RF,without,0.327,0.021969676071045437,0.32595436683191253,0.02240780187249879,
3,PayZone_encoded,RF,with,0.33366666666666667,0.025699113689861847,0.3327584666408528,0.02563973386085475,
3,PayZone_encoded,XGB,without,0.31533333333333335,0.007702813338860876,0.3142721011166523,0.00808183525046495,
3,PayZone_encoded,XGB,with,0.313,0.01839081896551163,0.31176276845398704,0.019165002151391795,
3,SeniorityLevel,LR,without,0.8093333333333333,0.019223827807061628,0.8747548561059773,0.012160068199154458,
3,SeniorityLevel,LR,with,0.8593333333333334,0.009043106644167007,0.8997994399600089,0.00490284315454544,
3,SeniorityLevel,RF,without,0.9460000000000001,0.0022607766610417556,0.9391506609148055,0.0021177583017603723,
3,SeniorityLevel,RF,with,0.9650000000000001,0.0014907119849998445,0.9646601424394448,0.001586946398717982,
3,is_minority_dept,LR,without,0.49733333333333335,0.038781438859330636,0.49471795575385036,0.045488473282371426,0.5355167904348231
3,is_minority_dept,LR,with,0.5383333333333333,0.017732581437693847,0.5419913352667299,0.01533753092484426,0.5460417542384757
3,is_minority_dept,RF,without,0.5946666666666667,0.015755069730795303,0.5821088452360654,0.012862732866968318,0.5703318387744618
3,is_minority_dept,RF,with,0.6040000000000001,0.014321700705960578,0.5930995625335993,0.013506160500840166,0.5833520153192284
3,is_minority_dept,XGB,without,0.6183333333333333,0.010801234497346436,0.5941907974364116,0.00836296810095616,0.5942903180608099
3,is_minority_dept,XGB,with,0.6256666666666668,0.014047538337136968,0.6006737294244874,0.010621026656086347,0.6090128905702675
4,is_terminated,LR,without,0.7206666666666667,0.012364824660660937,0.7651530650560144,0.00956722526961089,0.8015845148138944
4,is_terminated,LR,with,0.6963333333333334,0.01275408431313933,0.7461447098474727,0.010555689072564725,0.8168467939319128
4,is_terminated,RF,without,0.8506666666666668,0.007498147919467985,0.8230561970911712,0.009799781481096252,0.8230988625595337
4,is_terminated,RF,with,0.85,0.00623609564462322,0.8264675218587592,0.007444588767670812,0.8350456666620047
4,is_terminated,XGB,without,0.8496666666666666,0.005517648452415633,0.8215466177461235,0.009213940428161664,0.8287252896404343
4,is_terminated,XGB,with,0.8466666666666667,0.004830458915396484,0.8223881976784299,0.009293356113958293,0.8391821339421393
4,PerfScore,LR,without,0.2816666666666667,0.015238839267549946,0.35994400368580837,0.01907369590961641,
4,PerfScore,LR,with,0.306,0.018517259216441533,0.3875116619743298,0.02196189787765346,
4,PerfScore,RF,without,0.7403333333333333,0.015965240019770746,0.6897787487157582,0.011590921160068027,
4,PerfScore,RF,with,0.742,0.015398412616601437,0.6923963206791983,0.010717278230269597,
4,PayZone_encoded,LR,without,0.31066666666666665,0.013399834161494512,0.30513904082387994,0.016350617696372267,
4,PayZone_encoded,LR,with,0.30633333333333335,0.011803954139750508,0.30441532102040064,0.013032302523803947,
4,PayZone_encoded,RF,without,0.32066666666666666,0.015003703246569196,0.31929578414026044,0.014668624852583667,
4,PayZone_encoded,RF,with,0.32766666666666666,0.012229290885229421,0.32679227829011837,0.012157134362694687,
4,PayZone_encoded,XGB,without,0.32033333333333336,0.017587874611030542,0.3192947509041887,0.01758871437537586,
4,PayZone_encoded,XGB,with,0.32,0.004944132324730444,0.3182273229615375,0.00481089311630185,
4,SeniorityLevel,LR,without,0.8143333333333332,0.03424746543744351,0.8766878306336435,0.023195662107549173,
4,SeniorityLevel,LR,with,0.8506666666666666,0.008069145624606798,0.8928110600939265,0.008490441225982599,
4,SeniorityLevel,RF,without,0.9453333333333334,0.006446359868604594,0.9392739365385175,0.0058886306290367625,
4,SeniorityLevel,RF,with,0.9663333333333334,0.005617433182117584,0.9660087855714246,0.005577813316075109,
4,is_minority_dept,LR,without,0.505,0.01923538406167135,0.5041847049559552,0.022645671537480476,0.5398253234318807
4,is_minority_dept,LR,with,0.529,0.017048949136725906,0.5335409668702324,0.01665971654826474,0.5493017607771706
4,is_minority_dept,RF,without,0.5913333333333333,0.021171259344267238,0.578932939506003,0.018942121167165295,0.566896688618
4,is_minority_dept,RF,with,0.5900000000000001,0.017575235101952108,0.578526044896659,0.0189666151369607,0.5792536546634907
4,is_minority_dept,XGB,without,0.625,0.004346134936801798,0.5992212923715735,0.00504778578371586,0.5991079351735089
4,is_minority_dept,XGB,with,0.627,0.012884098726725128,0.5990378390295193,0.015539335726051356,0.6078289197141655
5,is_terminated,LR,without,0.72,0.014337208778404368,0.7645665443673831,0.011526451609567745,0.8019679445604151
5,is_terminated,LR,with,0.692,0.015506271132817351,0.7425269416467581,0.012816325312626756,0.8122133387248439
5,is_terminated,RF,without,0.8543333333333333,0.008273115763993883,0.82528852690919,0.010299819293066791,0.8360027342044221
5,is_terminated,RF,with,0.852,0.010821788720498597,0.8275677290773839,0.013493366641520534,0.847422033887716
5,is_terminated,XGB,without,0.8576666666666666,0.004546060565661969,0.8261798985434563,0.00474630815502494,0.8386176279612687
5,is_terminated,XGB,with,0.8593333333333334,0.007272474743090469,0.8348506557774538,0.007431088613529593,0.8479290630787301
5,PerfScore,LR,without,0.278,0.014696938456699067,0.3596538542261448,0.01967002318369412,
5,PerfScore,LR,with,0.3046666666666667,0.012036980056845191,0.38605299102282353,0.01502980443050538,
5,PerfScore,RF,without,0.7430000000000001,0.0054160256030906335,0.6895237199437304,0.004557623813322281,
5,PerfScore,RF,with,0.7376666666666667,0.009580071908799939,0.6889700143501523,0.009303585202319496,
5,PayZone_encoded,LR,without,0.308,0.0147346907368669,0.30362643794633193,0.01646479139879503,
5,PayZone_encoded,LR,with,0.321,0.008537498983243798,0.31731563727579515,0.008789191836862463,
5,PayZone_encoded,RF,without,0.32566666666666666,0.02056426242024958,0.32469099548852615,0.021203034589287656,
5,PayZone_encoded,RF,with,0.32333333333333336,0.02892519086655553,0.3230577604928745,0.02854080982960339,
5,PayZone_encoded,XGB,without,0.32299999999999995,0.017931970208417015,0.3220237641963615,0.017822096036249548,
5,PayZone_encoded,XGB,with,0.33199999999999996,0.022120880030716085,0.3304906551955807,0.023192520037292975,
5,SeniorityLevel,LR,without,0.789,0.04795368135561185,0.8619539736529018,0.0319110039837639,
5,SeniorityLevel,LR,with,0.8496666666666666,0.01484737163421338,0.8947557266338648,0.006577416931518186,
5,SeniorityLevel,RF,without,0.9460000000000001,0.007348469228349545,0.9390918081436288,0.007999152272361379,
5,SeniorityLevel,RF,with,0.967,0.005906681715556468,0.9664880995818177,0.00599905002772392,
5,is_minority_dept,LR,without,0.5093333333333334,0.014126413400278055,0.5096245321420512,0.015963070352891125,0.5462355798421372
5,is_minority_dept,LR,with,0.5363333333333333,0.022494443758403995,0.5408594693916345,0.022252621203108943,0.5555345383214235
5,is_minority_dept,RF,without,0.5993333333333334,0.012183777921664717,0.5866755058901882,0.010856812464597148,0.5768553547242072
5,is_minority_dept,RF,with,0.5970000000000001,0.0064463598686046,0.586115166111792,0.005284081653771038,0.5868490495539677
5,is_minority_dept,XGB,without,0.6116666666666666,0.01027402333828161,0.5877541383867488,0.012271138885973235,0.5955116528887021
5,is_minority_dept,XGB,with,0.626,0.01067707825203132,0.5993824284978603,0.011731401333854474,0.6054983419737519
6,is_terminated,LR,without,0.72,0.012605113600792691,0.7645749190274239,0.010124302032747813,0.8007488265795775
6,is_terminated,LR,with,0.692,0.01322455628325158,0.7425191306274597,0.010617162077569485,0.8150634269725059
6,is_terminated,RF,without,0.8536666666666666,0.007102425250887507,0.8254340191241012,0.01071069388107964,0.8286947997388427
6,is_terminated,RF,with,0.8533333333333333,0.012427567921538185,0.831043397871111,0.014480339093449807,0.8368789955029816
6,is_terminated,XGB,without,0.8513333333333334,0.011175369742826808,0.8208947512511449,0.015868979787333214,0.8388956061996214
6,is_terminated,XGB,with,0.859,0.00910433352249845,0.8336698534378693,0.010729716759233428,0.8486114457203005
6,PerfScore,LR,without,0.27166666666666667,0.01531157877047446,0.35180474778466936,0.016660738619283192,
6,PerfScore,LR,with,0.301,0.021044925490219454,0.3809747307132215,0.021529302554666584,
6,PerfScore,RF,without,0.7433333333333334,0.012292725943057192,0.6864970933422836,0.007821758417219861,
6,PerfScore,RF,with,0.7416666666666667,0.012780193008453863,0.6887316123258345,0.00840969931480891,
6,PayZone_encoded,LR,without,0.311,0.014204850501775019,0.30788707918665137,0.014992589136906336,
6,PayZone_encoded,LR,with,0.3046666666666667,0.011224972160321808,0.30212454624000634,0.008967838658012102,
6,PayZone_encoded,RF,without,0.3313333333333333,0.0140396264591018,0.3307078657439388,0.014138523208972836,
6,PayZone_encoded,RF,with,0.32499999999999996,0.010903618155864086,0.3243519734968642,0.010495999930216868,
6,PayZone_encoded,XGB,without,0.316,0.010984838035522715,0.3148364168158127,0.009892751831400471,
6,PayZone_encoded,XGB,with,0.3076666666666667,0.00696020433927371,0.3059258665540136,0.006877757012432029,
6,SeniorityLevel,LR,without,0.8196666666666668,0.03164736253711446,0.88190257944141,0.019943692765326322,
6,SeniorityLevel,LR,with,0.8436666666666668,0.019275776393067948,0.8914961559967025,0.011975513834632249,
6,SeniorityLevel,RF,without,0.9443333333333334,0.005011098792790976,0.938103072454982,0.00509227330421814,
6,SeniorityLevel,RF,with,0.9653333333333334,0.008781293248213012,0.9646515147688073,0.009083802052949798,
6,is_minority_dept,LR,without,0.5106666666666666,0.02281812145349978,0.5114677261688485,0.02589712757967695,0.5432616412124609
6,is_minority_dept,LR,with,0.5466666666666666,0.015563490039904988,0.5500191127526227,0.014259844261826204,0.5517829620288637
6,is_minority_dept,RF,without,0.6026666666666667,0.014047538337136952,0.5902758144780454,0.01721814389263603,0.583390546915137
6,is_minority_dept,RF,with,0.606,0.009225568335398684,0.5949339582910241,0.01169151422061024,0.5904955396758675
6,is_minority_dept,XGB,without,0.6136666666666667,0.014275075403575902,0.5889082392535514,0.01691697094161611,0.5941607117836625
6,is_minority_dept,XGB,with,0.6193333333333333,0.008069145624606776,0.5943611660074253,0.009798156834664378,0.6029844472467423
7,is_terminated,LR,without,0.7213333333333334,0.012666666666666649,0.765653742994113,0.010050167511837696,0.8024016556422439
7,is_terminated,LR,with,0.6916666666666667,0.004346134936801738,0.7423114133820007,0.003598356406740939,0.8174044906325516
7,is_terminated,RF,without,0.8536666666666667,0.0035590260840104087,0.8234376275016352,0.0034043017234883866,0.8295546587529181
7,is_terminated,RF,with,0.8496666666666666,0.007774602526460405,0.8278959877124791,0.008065730011746387,0.8391838468435686
7,is_terminated,XGB,without,0.8556666666666667,0.0063770421565696525,0.8260648689864493,0.004149131020319795,0.8386531514242993
7,is_terminated,XGB,with,0.8546666666666667,0.008589399151150078,0.8258780267293201,0.008904385560450605,0.8492690275788449
7,PerfScore,LR,without,0.2733333333333333,0.013784048752090218,0.3552108173160937,0.014740912302284465,
7,PerfScore,LR,with,0.315,0.00823272602348565,0.39638471865612834,0.006768733808206533,
7,PerfScore,RF,without,0.7386666666666667,0.008844332774281054,0.6841854487575574,0.005752612980748352,
7,PerfScore,RF,with,0.7426666666666666,0.008856886837057617,0.6911006467486607,0.007545222504558874,
7,PayZone_encoded,LR,without,0.30666666666666664,0.013662601021279468,0.30242952422617825,0.013604851242540943,
7,PayZone_encoded,LR,with,0.309,0.017275544693133256,0.3064910653609929,0.01805751599001218,
7,PayZone_encoded,RF,without,0.321,0.022720524250602617,0.3200999674957554,0.022498877039323985,
7,PayZone_encoded,RF,with,0.33199999999999996,0.018147543451754924,0.3317249430806614,0.01762395371682614,
7,PayZone_encoded,XGB,without,0.31899999999999995,0.007498147919467993,0.3168289633525318,0.007905519842803464,
7,PayZone_encoded,XGB,with,0.3226666666666667,0.0107289846262874,0.3208954794558865,0.011419739930223194,
7,SeniorityLevel,LR,without,0.8276666666666666,0.01691810338726603,0.8863797796861279,0.011376603097050068,
7,SeniorityLevel,LR,with,0.8380000000000001,0.015825436627292296,0.8830267600769744,0.01458439875006578,
7,SeniorityLevel,RF,without,0.9450000000000001,0.005270462766947273,0.9386908386723661,0.004928679759674986,
7,SeniorityLevel,RF,with,0.9686666666666668,0.0057154760664940825,0.9682534195020779,0.005816343657694872,
7,is_minority_dept,LR,without,0.5053333333333333,0.01582543662729228,0.5043222758064292,0.018726108487453534,0.5530474989491383
7,is_minority_dept,LR,with,0.5523333333333332,0.027640549922170504,0.5563844455677286,0.028124181234248,0.5604525711083088
7,is_minority_dept,RF,without,0.594,0.024326483054025277,0.5805762566759224,0.024885338722638147,0.5740950913082061
7,is_minority_dept,RF,with,0.5983333333333334,0.019916492328386205,0.58649448230007,0.021234359322858047,0.5891586100602494
7,is_minority_dept,XGB,without,0.6286666666666666,0.021380156947766116,0.6069352403084675,0.02073600064883952,0.6045373873242725
7,is_minority_dept,XGB,with,0.6279999999999999,0.01848122170083881,0.6012615612815149,0.020494039173051905,0.612358133669609
8,is_terminated,LR,without,0.72,0.02035790864613662,0.7645314878734204,0.01636113221448405,0.8005005202143727
8,is_terminated,LR,with,0.6913333333333334,0.010873004286866727,0.7419766331236216,0.008784334574941245,0.8169991505555559
8,is_terminated,RF,without,0.8516666666666668,0.009006170724070861,0.8245649290106538,0.011723441513544134,0.8267767310672962
8,is_terminated,RF,with,0.8460000000000001,0.008537498983243807,0.8232522489152825,0.010444268385707643,0.8401460829132749
8,is_terminated,XGB,without,0.8583333333333334,0.005163977794943213,0.8268317692056399,0.005498473467300706,0.8354477507259863
8,is_terminated,XGB,with,0.8569999999999999,0.010187137859957415,0.8303626753827356,0.009815962688254447,0.8473681495192011
8,PerfScore,LR,without,0.27199999999999996,0.014922019523732927,0.3527045243804398,0.016853302550092316,
8,PerfScore,LR,with,0.30933333333333335,0.021255064755906477,0.38849941951596917,0.02334969816775198,
8,PerfScore,RF,without,0.7403333333333333,0.007986099033807268,0.6863951104674717,0.010251213621071944,
8,PerfScore,RF,with,0.7366666666666666,0.009718253158075512,0.6871778844880739,0.011195040432724134,
8,PayZone_encoded,LR,without,0.30666666666666664,0.014567848922274779,0.29897090475690485,0.015911687439454255,
8,PayZone_encoded,LR,with,0.308,0.01217465491183313,0.30578116572554187,0.0118968763617991,
8,PayZone_encoded,RF,without,0.324,0.014165686240583836,0.3232350403028742,0.014031386083628796,
8,PayZone_encoded,RF,with,0.33466666666666667,0.0105619863451699,0.3339248815705235,0.010876803252730547,
8,PayZone_encoded,XGB,without,0.315,0.01831817555204543,0.3130070478363812,0.017622687230890572,
8,PayZone_encoded,XGB,with,0.31166666666666665,0.013864422895390274,0.31011568178097443,0.014783208279219204,
8,SeniorityLevel,LR,without,0.8056666666666666,0.03342653636459113,0.872358531928451,0.022396487352588174,
8,SeniorityLevel,LR,with,0.8510000000000002,0.023842072989663565,0.892398529563615,0.014589217661975181,
8,SeniorityLevel,RF,without,0.9466666666666667,0.004346134936801798,0.9392504821044666,0.004526460326059422,
8,SeniorityLevel,RF,with,0.9653333333333334,0.0038586123009300855,0.9648518266393017,0.004025984875863033,
8,is_minority_dept,LR,without,0.5093333333333333,0.0194821855949366,0.509193309109319,0.023293427617823975,0.5466045490635654
8,is_minority_dept,LR,with,0.5466666666666666,0.021029080394116648,0.5481496493447577,0.01883995455483492,0.5594857783382373
8,is_minority_dept,RF,without,0.5876666666666667,0.02491318258807307,0.5761788375550043,0.024808950134905014,0.5733314651347438
8,is_minority_dept,RF,with,0.5993333333333334,0.018487232831816077,0.5892010648930688,0.01829817232327669,0.5852435663911073
8,is_minority_dept,XGB,without,0.6206666666666667,0.010519822558706345,0.5988238425498487,0.011207819800765469,0.5991382934005884
8,is_minority_dept,XGB,with,0.6323333333333333,0.01408703107274365,0.6059040007408397,0.01765569143452371,0.6090175610667414
9,is_terminated,LR,without,0.7213333333333333,0.015965240019770746,0.7656064602180221,0.013059221404890457,0.800982163750015
9,is_terminated,LR,with,0.6953333333333334,0.016069294390925255,0.7453588927073346,0.013505036346738313,0.8176810762160536
9,is_terminated,RF,without,0.8526666666666667,0.00429469957557503,0.8262645308063874,0.006835253791918062,0.8337323655712263
9,is_terminated,RF,with,0.852,0.007257180352359071,0.8318188688115965,0.008576510032927231,0.8377241995310829
9,is_terminated,XGB,without,0.8539999999999999,0.0063770421565696525,0.8250388826335776,0.0031966098993784424,0.8355217722676679
9,is_terminated,XGB,with,0.8566666666666667,0.009603240193925298,0.8299394381185582,0.006956754776113404,0.8461151916416636
9,PerfScore,LR,without,0.2753333333333333,0.010349449797506672,0.35912520690582295,0.011823728066295064,
9,PerfScore,LR,with,0.319,0.00764489662745313,0.39876326582062094,0.00682755936406917,
9,PerfScore,RF,without,0.737,0.008906926143924904,0.6856932350264298,0.009228542717334974,
9,PerfScore,RF,with,0.736,0.016282232989093096,0.6862636142909406,0.01446691857630685,
9,PayZone_encoded,LR,without,0.31733333333333336,0.0121837779216647,0.31109466547379533,0.019259316488233987,
9,PayZone_encoded,LR,with,0.315,0.009368979548370134,0.31306163680381077,0.009597780022320904,
9,PayZone_encoded,RF,without,0.3183333333333333,0.01577621275493231,0.31758569012760224,0.015221044097806379,
9,PayZone_encoded,RF,with,0.31566666666666665,0.014854853303438132,0.3144694885667919,0.01305580760273975,
9,PayZone_encoded,XGB,without,0.31766666666666665,0.013564659966250527,0.31610134071290846,0.013446436074775676,
9,PayZone_encoded,XGB,with,0.32166666666666666,0.01178511301977579,0.3198906239888838,0.011621292592710376,
9,SeniorityLevel,LR,without,0.8276666666666668,0.011333333333333353,0.8864584792264617,0.006807534112121547,
9,SeniorityLevel,LR,with,0.8566666666666667,0.010434983894999004,0.895447418824118,0.008221527509680047,
9,SeniorityLevel,RF,without,0.9503333333333334,0.006699917080747253,0.9437063867586677,0.00736322128853421,
9,SeniorityLevel,RF,with,0.9673333333333334,0.00442216638714053,0.9668859017092496,0.004559938382145223,
9,is_minority_dept,LR,without,0.5116666666666666,0.010381607668264951,0.5118986754610129,0.011898718763004638,0.5512622016720378
9,is_minority_dept,LR,with,0.5399999999999999,0.014220486005134356,0.5447521628788391,0.014036463307388851,0.5578219139694549
9,is_minority_dept,RF,without,0.5916666666666666,0.009660917830792929,0.5797974623237245,0.00898610931227659,0.5672878426976788
9,is_minority_dept,RF,with,0.603,0.015684387141358135,0.5931392798659422,0.015758263969990943,0.5821493624772314
9,is_minority_dept,XGB,without,0.6153333333333333,0.009510228411791386,0.5931256954516896,0.00726175574161799,0.5951088225678389
9,is_minority_dept,XGB,with,0.6326666666666666,0.006018490028422587,0.6091124117483665,0.005641995247475017,0.6103147914623324
